text,k
Model S on its way out! #TeslaDeliveries http://t.co/0SVws0gi,1.009941290096649
Your next charging session is going to be SO ğŸ‘ MUCH ğŸ‘ FUN ğŸ‘ https://t.co/5YzSL36kCC,1.0
Pit crew sold separately. Visit our stores for more details: https://t.co/3y0mR3TwV9,1.0
Beach Buggy Racing 2 by @vectorunit is starting to roll out to Tesla cars today,0.9957658488782287
"Converting petrolheads, one Supercharger at a time. https://t.co/JnV9roNn8E",0.9897429267860709
"Model 3 never felt so ""right""",1.0
Model 3 right hand drive deliveries are underway in the UK ğŸ‡¬ğŸ‡§,1.0200876358068303
"Wish granted ğŸ’«. New Sketchpad features are rolling out in our next software update. 

What will you draw? ğŸ¨",1.0
K thx bye ğŸ‘‹Â https://t.co/7l1BAybNcc,1.029092119756646
"Our quarterly delivery numbers are in â€“ 95,200 vehicles and six puppies delivered in Q2: https://t.co/2BTv4bFyLj",1.0459818397852996
"ğŸ¥ğŸ¥ğŸ¥   ğŸ¥ğŸ¥ğŸ¥   ğŸ¥ğŸ¥ğŸ¥  please:

We are excited to announce that Model 3 just earned a 5-star safety rating from @EuroNCAP â­ï¸â­ï¸â­ï¸â­ï¸â­ï¸  https://t.co/2oSQz4yaBB",1.0
This was made possible thanks to our exceptionally talented team of engineers ğŸ§ ğŸ”§ğŸš˜ğŸ†ğŸ’ª,1.0
"Now, show of hands ğŸ™‹ğŸ»â€â™€ï¸ğŸ™‹ğŸ¾â€â™‚ï¸, who wants one?",0.9860422809354554
ğŸ‡ºğŸ‡¸,0.9869780232788545
90-year-old Henk from the Netherlands proves it's never too late to embrace new technology AND buy your dream car. https://t.co/9Dpvi4UEVY,1.0
"If you want to beat the record and win useless internet points, all you have to do is peer-pressure all your elderly relatives into buying a Tesla.",1.0
"(but obviously make sure they're still safe to drive, and also obviously don't actually peer-pressure your elderly relatives into anything you monsters, obviously)",0.9944754637904537
"Model 3 is not just Premium Electric Car of the Year but also THE

ğŸ‘‘2019 Car of the Year ğŸ‘‘",1.0
We want to live in a world where you can play in parks while you charge your car on your epic roadtrip,1.0
oh wait we already do,1.0
"RT @Made it to California!!! ğŸ”¥ğŸ”¥ Few more hours left. ğŸ™ŒğŸ¼ 

Definitely coolest @Tesla charging station so far. ğŸ˜± https://t.co/ZFd8eh9oYI",1.0305862638360221
"â€œThe present is theirs; the future, for which I really worked, is mine.â€

Happy Birthday Nikola Tesla! https://t.co/1wU9s5eXx2",1.0
"(and no, our intern does not do our social media.)",1.0
(but they'd do an amazing job if they did),1.0
"These are our interns working in Energy Firmware, Infotainment, Battery Electronics, Cell Engineering and Communications.

We offer year-round internship opportunities, at Tesla office locations around the world:
https://t.co/SYYjLSIUuo",1.0
"Model 3 and 5-star safety ratings: name a more iconic duo.

Model 3 All-Wheel Drive just earned a 5-star safety rating overall, AND in every subcategory from @NHTSAgov âœ”ï¸",1.007757849337118
"â€œNo vehicle we've awarded, be it Car of the Year, Import Car of the Year, SUV of the Year, or Truck of the Year, can equal the impact, performance, and engineering excellence that is our Ultimate Car of the Year winner, the 2013 Tesla Model S.â€

https://t.co/1qS3T2zgVj",1.0169693873429773
"nobody:

Chrisofdoom:",1.0
"nobody:

2019:",1.0
"Can you drive a Model 3 from Mexico City to Acapulco?
 
(Yes, yes you can.)

https://t.co/PfL8rAkXKP",1.0
sÃ­,1.0
"This video is in Spanish but if you don't understand Spanish you can turn on the subtitles or, well, the spoiler is in the first tweet to be honest. They make it.",1.0343831727259645
Lights flickering could also be ghosts though,1.0
"Powerwall's Storm Watch allows you to reserve power in the case of power outages during a storm (available in North America, Australia and New Zealand). 

There are no plans for Ghost Watch.

https://t.co/TNnO9V77t9",1.0003589542746907
"V3 SUPERCHARGER 
I 
V 
A 

L 
A 
S 

V 
E 
G 
A 
S https://t.co/4jk4CS2LRT",1.0
"V3 supercharging means: 

âš¡ Faster charging 

ğŸ—ºï¸ Easier journeys 

Accelerating the worldâ€™s transition to sustainable energy ğŸŒ ğŸŒ ğŸŒ",1.0
oh and also we forgot to mention itâ€™s under the ğŸ¡ğŸ¡ğŸ¡ğŸ¡ @HighRollerVegas ğŸ¡ğŸ¡ğŸ¡ğŸ¡,1.0
"ICYMI: The official Tesla line is that hotdogs are definitely not sandwiches. 

An interview with @elonmusk: https://t.co/txXt1SdlXW",1.0103816790114233
"Kettering.

People of the UK.

It's over 30Â°C and now is your time to use that thing - the sun - which is out - to POWER YOUR HOME.

https://t.co/7QXQqwXaMF",1.0138716544968396
2012 called. It wants its range anxiety back. https://t.co/Afy8JFmJtb,0.9840802999865929
"Bring it on, @FabianoCaruana
 
*mild sense of panic*",1.0
"When your car can do zero-to-sixty faster than you can make your next move, we call that a checkmate.

Chess begins rolling out to the Tesla Arcade globally today ğŸ¤ â™Ÿ https://t.co/cNRf3kAtAA",1.0
and now you can double the fun with up to two game controllers for Beach Buggy Racing ğŸ® ğŸ®,1.017364131126861
"When you need to stabilize and balance an entire region's electrical grid, size matters: https://t.co/YUCyS1VC4W",1.0265739311828355
"Australia and New Zealand: welcome to the â­ï¸â­ï¸â­ï¸â­ï¸â­ï¸ safety rating club!
 
Australiaâ€™s New Car Assessment Program just gave Model 3 a perfect 5-star rating for our Aussie and NZ owners.",1.0198880109074842
"Well it seems we can't beat the... *checks notes* ...number 1 chess player in the US. Yet.

Thank you for a very enjoyable game, @FabianoCaruana",0.9773137690197985
Did we mention that Mobile Service is currently in 26 countries and expanding?,1.0
"Well, consider it mentioned.",1.0
"Tesla: 1
Thieves: 0

https://t.co/5tKxxeHMmH",1.0
"ğŸ” PIN verification before driving
ğŸ›¡ Sentry Mode for 360-degree monitoring
ğŸ¤³ Mobile app access to keep tabs on your car",0.9833150616922463
"So, Gigafactory Shanghai is going wellâ€¦ https://t.co/x0wzMVHAXs",0.9941421787342501
"Weâ€™ve added more than 30 new service centers in recent months.

Where to next? ğŸš€ https://t.co/NXhPMSfJ9E",1.0
*deep breath*,1.0
"â€¦El Paso, Bakersfield, Toledo, Chico, Tyler, Lancaster, Sarasota, Pensacola, Memphis, Kircheim, Henrietta, Fresno, Telemark, Shaumberg (Chicago), Boissy-Saint-Leger (Paris), Berlin, Warwick, Warsaw, Le Coq and Corpus Christi.",1.0278961870175423
"If you could hide one more Easter egg in a Tesla, what would it be?

https://t.co/0BB3UTHs83",1.0
"It can't just be an actual Easter egg, it's only August.",0.9964251284532705
"Life Goals.

https://t.co/wfQnWPXenJ",1.0
"When the grid goes down, stored energy in Powerwall means you can:  
â€¢ keep the lights on 
â€¢ do your laundry
â€¢ play videogames instead of taking this rare opportunity to connect with your loved ones.",1.0
Even if you donâ€™t have Powerwall you can still go and play games in your Tesla though ğŸ®,1.0
"You also win the prize for image most eerily similar to our webpage

https://t.co/exB4mxnhMR https://t.co/ZVH4ELzfDk",0.9807668083431624
"""I really miss gas stations"" said nobody ever",1.0039177436090585
Which is your favorite model?,0.9720143643942453
RaNgE aNxIeTy,0.968214232452174
"South Korea, please, you're too much!

(but, go on)",1.000229111239127
For all the data lovers out there ğŸ“Š,1.0330737126552065
"2 identical chips, both capable of 36 trillion operations per second.

(don't eat them)

https://t.co/e4lcwR4fwB",1.0047647105188011
Your Tesla comes with batteries included.,0.9694797111392459
Where will Model 3 show up next?,1.0
"Also available? Our new, more-efficient, longer-range Model S and Model X.",1.0
(itâ€™s true â˜ï¸),0.9935785664900312
"We pride ourselves on our clean, minimal interior aesthetic.

Send us pictures of how you've ruined it.",1.0
"Now thereâ€™s a ğŸ¥ with good taste.

Model 3 has arrived in New Zealand ğŸ‡³ğŸ‡¿",1.0028465042801364
"We know Switzerland is supposed to be neutral and all, but they're making a *pretty* aggressive play for most epic Tesla charging location",1.0
The hills are alive with the sound...completely opposite to combustion engines,0.9987436846423469
"Tesla Insurance launches today in California to offer better rates for Tesla owners.

https://t.co/rDjbEvBxzY",1.0
We're making some updates to Tesla Insurance and will be back online shortly.,1.0
Algorithm update in progress,1.0266259804441678
"VoilÃ , weâ€™ve unlocked even more power in our European Superchargers.
 
Câ€™est trÃ¨s speedy.",1.0318803352248094
"Customer: Thereâ€™s a dent on the front-ish-side-quarter-half panel, under the second fold.
 
Tesla: 
 
Tesla: you can now send us a photo through your Tesla mobile app when scheduling service
 
Customer: cool, I didnâ€™t know that

Tesla: blame our social media team https://t.co/fkIXOCMvg3",1.0
in fairness to ourselves we literally only rolled this feature out 5 minutes ago,0.987531907804548
Tell us about *that moment* when you knew you needed a Tesla,0.9966153683161639
"can we all just agree that pumping out carbon monoxide, carbon dioxide, particulate matter, nitrogen oxide and sulphur dioxide from cars on all the streets around the world is maybe a bad idea",1.0100766087676605
Model 3 has landed in Hong Kong (who's excited) https://t.co/rYLQmygZB8,1.0056848339644084
ğŸ brb putting our epic panoramic glass roof to work in the Canadian wilderness ğŸ,1.0
(Reminder: your Tesla is also kind of the worldâ€™s greatest tent.),1.0157044141938205
"Aurora Borealis âœ…
Blue Lagoon âœ…
Sustainable energy âœ…
ReykjavÃ­k service center âœ…
Tesla vehicle orders open for Iceland NOW ğŸ™Œ",1.0098529927130622
"You can now get 2k miles of free Supercharging for you *and* a friend via our referral program.

...great news for those of you who love posting your referral code in our Twitter replies (RIP my mentions)",1.0
Also great news if you want to power your commute with the sun instead of toxic &amp; polluting gas: solar panels are now an eligible product for referral benefits too,1.0388985976178184
"Just to be 100% clear, Powerwall would still work great in the world's ugliest home too https://t.co/N5Zuk6Lv3T",1.0
"*~ Some personal news ~*

We lapped Laguna Seca @WeatherTechRcwy in 1:36.555 during advanced R&amp;D testing of our Model S Plaid powertrain and chassis prototype

(Thatâ€™s a second faster than the record for a four-door sedan) https://t.co/OriccK4KCZ",0.9971433243480387
"The next time a badger hails down your Tesla, do the right thing and leave them on the road because badgers are wild animals and will definitely rip up your seats.
https://t.co/Yb5jz1Tvzc",0.9931932116511112
You can't actually marry your Tesla (sorry) but this is the next best thing:,0.9968290585969205
"Plans for tonight:
â€¢ playing The Sims
â€¢ naming a character Internal Combustion Engine
â€¢ making them go for a swim
â€¢ deleting the swimming pool ladder",1.0025243422703263
"We installed a Supercharger at NÃ¼rburgring. Makes it feel like home, you know? https://t.co/x1tPjI7bi0",1.0084136881402401
"Data from our track tests indicates that Model S Plaid can achieve 7:20 at the NÃ¼rburgring. 

With some improvements, 7:05 may be possible when Model S returns next month.",1.0
"Until then, auf Wiedersehen Germany ğŸ‘‹

Hereâ€™s some of our initial Model S Plaid data to keep you buzzing until we return: https://t.co/cWk9EModcM",1.0
"Model 3 has earned the IIHS 2019 Top Safety Pick+ Award, earning top scores across all eight tests covering crashworthiness, occupant protection, crash avoidance, and headlight systems.",0.988855020479604
"â€œWhat do you think of electric cars?â€

*excited screaming*",1.0
Anyone riding a UFO out of Area 51 today can recharge at our nearby Supercharger in Beatty. One day only. https://t.co/3mKU0UGWBr,0.9879288568453578
RT @@Tesla @elonmusk Thank you for an amazing experience in our #Model3Au We are loving being part of the revolution..This is without a doubt one of the best experiences of our adult lives. #electricdreams #zerocarbon #abetterfutureformydaughter https://t.co/9lUdKQmxC9,1.0
Wonder how many Bargersville residents are going to get themselves arrested just so they can have a test ride,1.0
"To be clear: don't break the law to get a test drive. 

Just schedule one with us instead: https://t.co/r2r9pe6Zso",0.9657128496865199
Powerwall is all fun and games until the whole neighbourhood crowds into your garageâ€™s sports bar because youâ€™re the only one with electricity.,1.0
does she ever ask you what you're thinking and you say 'nothing' but you're actually thinking about whether Tesla secretly employs thousands of tiny hamsters to power their cars and it's not batteries at all,0.9753190062407151
RT @Nnedi: One of the highlights of my day is hitting the accelerator while driving my @Tesla. ğŸš€ https://t.co/f5wdbAbQGl,1.0
"Do you ever dream of a day when itâ€™s not â€˜electric vehicleâ€™, itâ€™s just â€˜vehicleâ€™",1.0440365305271668
"Software Version 10.0: Your brand new Tesla is here.

Buckle up, we have a lot to get through â¬‡ï¸",1.0
"@hulu @netflix @Spotify Before V10: 
I love waking my kids up with my Teslaâ€™s chimes, itâ€™s great. Itâ€™s the best when theyâ€™re awake and crying.

After V10: 
Quieter chimes in Joe Mode keeps my spawn in a peaceful slumber. Life is good.",1.0
"@hulu @netflix @Spotify Basically, Version 10.0 is so good youâ€™re going to want to name your children after it. Especially if itâ€™s your tenth child.

The update is rolling out over the next week and you can try it in one of our stores.

See what else is packed into the update: https://t.co/4HvNK8tHxD",1.0234774735405863
"When a child turns 7 they:
â€¢ Scream
â€¢ May or may not poop themselves
 
When our Supercharger network turns 7 it:
â€¢ Churns out as much energy in 1 day as eating 147k gallons of maple syrup (2.25GWh)
â€¢ Will be coming to Saskatchewan and Manitoba soon ğŸ‡¨ğŸ‡¦
https://t.co/FqARLqL35g",1.0
"147,730.9 gallons of maple syrup to be exact. But, also, it is an inexact science unless we have a volunteer who loves maple syrup.

(We also apologize to 7-year-olds everywhere for this tweet)",0.9990502441406567
"let's all take a moment and think of our friends and family who can't watch videos, sing karaoke and play videogames with their car",0.9557377559257322
"has anyone found the Easter Egg in your Tesla which releases Cthulhu, our dark lord?",1.0
It's in our V  .Ì·Ì›Í™ÌªÌ€Í‘ÌÍŒÌÍ›Ì‘Í†Í—ÍÌ€Í†Ì¿Í—Í˜Ì•Í Í .Ì¶Ì¨Ì¢Ì§Ì§Ì›Ì«Ì±Ì¯Ì Ì®Í‡Ì¤Ì Ì«Ì¯ÌºÌªÌ­Ì»Í‡ÍšÌ…ÌÍ‚Ì€Ì€Ì”ÌƒÌƒÌÌˆÌÌˆÌÌ’Í‹ÌÌ“Ì“Ì“Ì“Ì€Ì†Ì„Í‹ÌÌˆÌÍ Í…  update,0.9960206368574964
"Czech (â€¦) it out - orders for Tesla vehicles in the Czech Republic are now open!
https://t.co/GHk5BIOsip",1.0
(this is the worst tweet we have ever done),1.009675137291747
Caraoke is all fun and games until you alienate your children by knowing every single word to Let It Go.,1.008582892348511
RT @elonmusk: Get Tesla Solar plus Powerwall battery for 24/7 clean power &amp; no more blackouts! https://t.co/mDoPO17YB9,1.021253434746281
"Do you want a sneak peek of our crash lab?

Of course you do. 

Itâ€™s one of the reasons why Model 3 is among the safest cars on the road.
https://t.co/jQxWizz0ea",1.0030062409353173
yesterday we almost tweeted that we have a great rash lab instead of crash lab and we all had a good laugh as we all had a good scratch,1.014174107692392
"One of us, One of us.

Become a Production Associate: https://t.co/eatwqqWhdC",0.9869963568284306
"Solar Roof uses durable glass solar tiles to generate electricity.
Â 
Our latest version only takes a few days to set up and is comparable to the cost of a composition shingle roof + electrical bill.
Â 
Installations begin next month.
https://t.co/27tB768e9e",1.0
Submit questions for our Solar Roof Q&amp;A ahead of our 2pm launch:,1.0
"Join us at 2pm PT today to learn all about our V3 Solar Roof product. 

Visit https://t.co/rd0ILdpzRL to listen in.",1.0469761362297665
"We were very honored to accept one of Europe's most prestigious awards yesterday, Das Goldene Lenkrad (the Golden Steering Wheel), with Model 3 scoring the highest of all tested cars ğŸ†",0.991941342644087
"Cybertruck Unveil starts at 8

Stay tuned for livestream https://t.co/zrbsoKKLd7",0.949051253104174
RT @The MotorTrend team visited @Tesla twice during the development of #Cybertruck. Six exclusive stories and five videos at https://t.co/QekmkjBSJi https://t.co/8HBnsspbtg,1.0
"More utility than a pick-up
Better performance than a sports car

https://t.co/28RWdWLYMi",1.0
"Cybertruck Unveil livestream starts at 8pm 
https://t.co/BhTBgNqeWQ https://t.co/qzKnsIkkms",1.0110813638018388
Model X just earned 5 stars from Euro NCAP in safety testing,0.9886997738581371
Just in case you make your roofing decisions based on slo mo videos https://t.co/6bggrC7yxu,1.0077955828541614
Enjoy charging your car with the sun,1.034207126939121
"Trans-Canada Supercharger route from Vancouver to Halifax is now open! ğŸ‡¨ğŸ‡¦âš¡
Over half the locations are V3 for the fastest charging speeds.",1.0180651988734974
"What a way to close out 2019, and this is only just the beginning. 
Congratulations to the Shanghai team!",0.9760992707680077
"We just delivered our first customer cars from Gigafactory Shanghai, marking only one year from when the teams broke ground on the site. https://t.co/UfUxEyRQv0",1.038024214673088
"Model 3 recently earned the 2020 IIHS Top Safety Pick+ Award. Winning cars are selected on their ability to protect people inside and outside the car 
ğŸ‘ğŸ»ğŸš˜",0.9569528966207506
Art of the Roof,0.962142109389294
Track Mode V2 for Model 3 Performance introduces more advanced handling customization and lap data recording.,0.9767543533043591
"Model Y deliveries begin!

https://t.co/ZhuiM5MTOf https://t.co/3gX6MBPmhp",0.9514963428319951
"Tesla wins 5/6 Kelley Blue Book awards

ğŸ† Best Overall
ğŸ† Best Value
ğŸ† Most Refined
ğŸ† Best Performance
ğŸ† Best Styling",1.0934022935568926
https://t.co/MROOCn4w9f,1.072447251087062
"Tesla Q2 2020 Vehicle Production &amp; Deliveries | Tesla, Inc. https://t.co/hgJDXLWmBg",1.0897602610270543
https://t.co/jmkacbRb5D,1.0002161996082157
Looking up in Model Y https://t.co/iAfpJ491Zz,0.9905516291764229
Live roof &gt; Dead roof https://t.co/scCQ1UXUJb,0.9709780776592642
"RT @In Teslaâ€™s Q2 earnings call they dropped the little bombshell that Tesla's solar panels cost $1.49 per watt after incentives.  I found it can be even lower than that.  This is big news.  

https://t.co/3ZQU6fMVjR",1.0593962060370008
"Big updates in ğŸ‡¨ğŸ‡¦ 

â€“ Trans-Canada Supercharging âœ… 
â€“ Model Y deliveries âœ… 
â€“ Leasing for Model Y &amp; Model 3 ğŸ¯
https://t.co/gyFBEIsjSP",0.9887614804243062
Aka 162 hours of uninterrupted wifi,1.0601240942228656
Tesla Battery Day starts now!,0.9199957688639534
In-car footage from Sundayâ€™s Plaid Model S run at Laguna Seca https://t.co/rwQDBFCWoH,1.0
The only thing beyond Ludicrous is Plaid,0.956805720717303
"There's no place like home..especially if it has a Solar Roof.

This Kansas ranch got theirs installed in 4 days.",0.9809419668545127
"Order solar panels before the solar tax credit drops at the end of this year. Pair with Powerwall to experience no more blackouts!
https://t.co/gvX4KnG2ca",0.9918783988848223
The 7-seater option is now available for order on Model Y https://t.co/XLu84G3GJc,1.0
"Model Y Standard Range is now available to order for $41,990
 
- 244 mile range (EPA est.)
- Rear-wheel drive
- 0-60mph in 5.3s
- Premium interior
- Autopilot
- Towing capacity of 3,500 lbs.

https://t.co/dU9HoFqQIc",0.9565500268748476
"Model Y awarded 5-star safety rating in every category!
https://t.co/dgbQWofpjf",0.9889993210112872
"The best crash is no crash â€” with Autopilot enabled, you are 7x less likely to be involved in an accident.

Comes standard with every Tesla, at no additional cost. https://t.co/C7no6bBwGc",1.0
"Large crumple zones, rigid body structure &amp; low center of gravity really make a difference https://t.co/Gmwoh7a1gz",0.9939409667893794
RT @elonmusk: Plaid Model S ships next month https://t.co/HFUPTnQiPB,1.0
"New Model S &amp; Model X just launched

Details https://t.co/7Ol1BvJoj8",1.0
Plaid Model S is the first production car to achieve 0-60 in under 2 seconds,1.0
"Plaid Model X has the quickest acceleration of any SUV by far, at 2.5 seconds 0-60",0.9807300858159986
Proud to have scored 100/100 in LGBTQ equality for the 6th year in a row ğŸ³ï¸â€ğŸŒˆ https://t.co/zz3PeKRRSL,1.038310842370944
Worldâ€™s biggest die casting machine https://t.co/MegnFPKQfh,1.0
It can cast front &amp; rear vehicle underbodies in a single piece each â€” down from 70+ parts for same sections previously,1.0211286086619593
RT @elonmusk: Happy New Year of the Ox! https://t.co/9WFKMYu2oj,0.9980462018137221
Winter at Giga Texas https://t.co/eqL8lPICKe,0.9770910582240838
"Two years ago, we launched Dog Mode. Send us your best pics! https://t.co/iXVazZJP3B",1.0051138953819598
Plaid winter testing https://t.co/Zau1dWZD2U,0.9370932276123705
"RT @elonmusk: @AustinTeslaClub The Tesla Solar Roof is slightly hydrophobic, so water, snow or ice slide off easily",0.9213547925327817
"Use Tesla phone app to melt snow &amp; ice off your car before even leaving the house

ğŸ“¸ by @cookie_esq https://t.co/P3r8JUOvpv",0.9972879775922191
"Game on ğŸ®

ğŸ“¸ by @FromWhereICHG https://t.co/wa4m9gjDMh",1.1015942631202962
"Backseat views from Model Y

ğŸ“¸ by loghi007 on Instagram https://t.co/4ss4Hns7fn",0.9843866577623251
RT @Fogdo: Thank you @Tesla for this helpful and cool feature :-) https://t.co/FLuY3yFdSL,0.9702899256580962
"6,000+ Superchargers across Europe â€” at 600 locations and counting!

ğŸ“¸ by @EPavlic, @MinimalDuck &amp; @_better_e https://t.co/Yf36HRO9MC",1.0057364447876866
Model 3 deliveries in Europe https://t.co/fiBNp2a6pG,1.0360264612713286
Tesla seats factory https://t.co/X4PLPjuuj4,0.9879607462651252
Cybertruck at Giga Texas https://t.co/c1RuektPnN,0.976709831926169
RT @elonmusk: Tesla Solar + Powerwall battery enables consumers to be their own utility,0.9917943452893112
Your Tesla will continue to improve long after you bought it,0.9897182305145413
RT @TeslaCharging: 25k Superchargers around the world  â€” and counting https://t.co/UzyFergQJ3,0.9669473676288631
Configurator now live in Hungary ğŸ‡­ğŸ‡º &amp; Romania ğŸ‡·ğŸ‡´,0.982295551640631
"RT @GMPâ€™s pioneering network of Tesla Powerwall batteries in customersâ€™ homes delivers groundbreaking first-in-New-England benefit for #VT customers &amp; grid, cutting carbon and costs! https://t.co/xmHTCDh9bm https://t.co/82MGFCAc0n",0.9943507869945515
Just surpassed 200k Powerwall installs globally ğŸ”‹ğŸ¡â˜€ï¸,1.0
"If you want to help cover Giga Berlin in awesome graffiti art, send us your work at GigaBerlinArt@Tesla.com",1.0198909582896165
"Model S Plaid delivery event at our Fremont factory will be streamed live on June 10, 7pm Pacific https://t.co/V7c77ySFti",1.0
"RT @jaminwestby: My car makes family road trips fun for families. 
@tesla #model3 #flex #roadtrip https://t.co/ieVxC9qx9j",1.0247627054789792
RT @Orangetilt: Little guy has a new favourite game &amp; fun area. Truly amazing what this car offers! https://t.co/PRxS13HOW0,0.9790885300606229
Presentation starts at 8:15pm Pacific https://t.co/tGZJUMralo https://t.co/xw1s6ATqus,1.005041169506982
RT @Model S Plaid launch arguably felt even more intense from the backseat when I got a second test ride. I just laughed; I couldnâ€™t help it. ğŸ˜‚ Itâ€™s just too much fun. @elonmusk @Tesla https://t.co/eblC44qsab,1.0
RT @I just went 0-60 MPH in about 2 seconds and 0-100 MPH in about 4 seconds with 4 people in the car ğŸ¤¯ @Tesla just broke the laws of physics my friends ğŸ˜‚ Iâ€™m sorry but thatâ€™s truly alien. Thanks for the fun @elonmusk https://t.co/2J95Ot9TO9,1.0
RT @elonmusk: Plaid release event https://t.co/TxIHXnuw9A,1.0
"RT @elonmusk: Most amount of fun on 4 wheels!
Pure joy on tap whenever u want.",1.0
RT @elonmusk: Order Tesla Model S Plaid at https://t.co/LuUhICqQEI,1.0080319868801326
https://t.co/k1h6oQsE47,0.9887833315226815
https://t.co/v9mFAeSY1v,1.0133731819949154
"RT @elonmusk: @Tesla Peak acceleration is over 1.2 gâ€™s, which is 20% faster than falling",1.0
Experiencing Plaid https://t.co/nipaxKbkjY,1.0069783529843235
"RT @elonmusk: @marcodzo @Tesla Sometimes people think it is performance, but safety is always the primary design requirement for a Tesla",0.999199396906574
"All Model X can dance

ğŸ“¸ @thechristina99 @michellehellman https://t.co/Qjh8qLJzwK",1.0
"To activate, tap Software â†’ long press model name â†’ type holidays or ModelXMas",1.0
"Production &amp; deliveries in Q2 surpassed 200,000 vehicles https://t.co/xyLOa0JHX7",0.9877824281492769
"You can streamÂ Netflix &amp; YouTube, play video games or sing CaraokeÂ in your Tesla ğŸ“ºğŸ®ğŸ¤",0.9758665314582027
RT @elonmusk: Solar + Powerwall battery ensures that your home never loses power,1.0
"RT @elonmusk: Tesla Solar Roof + Powerwall in major new housing development in Austin
https://t.co/u7NJAswFW2",1.0288291913268193
"RT @elonmusk: Review of Model S Plaid by Dan Neil
https://t.co/JY45vn8jNN",0.9885660892438829
RT @What it feels like to ride in a @Tesla Model S Plaid. Thanks @MKBHD for making all the blood in my body rush straight into my face. https://t.co/o0Y3kCxQcr,0.9824543547354381
Music video filmed using Tesla Sentry Mode https://t.co/g7ZYub2NH5,0.9891452502635978
Giga Texas: 6 months ago vs this week https://t.co/CAgmIJ3wKQ,1.0
RT @elonmusk: Tesla AI Day August 19th,1.0239763524989258
"In 2020, Tesla customers helped accelerate the worldâ€™s transition to sustainable energy by avoiding 5.0 million metric tons of CO2e emissions

Impact Report â†’ https://t.co/wZwv00DyWp",1.0
"25,000+ Superchargers across the globe enable freedom of travel on long-distance trips https://t.co/1JfZ5eFqnU",1.0
"In 2020, a Tesla with Autopilot engaged experienced 0.2 accidents per million miles driven, while the US average was 9x higher https://t.co/4Zu5sMLyeQ",1.0
"And eventually, they get recycled â€” and brand-new batteries are built from recycled metals https://t.co/RbDZ8xH2gD",1.0000351376613523
Tesla AI Day presentation streaming live from https://t.co/shRnZSwgd4 at 5pm Pacific today,1.0084561039404731
Join us to build the future of AI â†’ https://t.co/Gdd4MNet6q https://t.co/86cXMVnJ59,1.0210034444692506
"RT @Tesla Model S Plaid just set official world speed record for a production electric car at Nurburgring. Completely unmodified, directly from factory. https://t.co/AaiFtfW5Ht",0.991778664389427
Model S Plaid sets official NÃ¼rburgring EV world record!,0.9915366953182467
Model Y arrives in Europe https://t.co/nh1noiyMeR,0.96577303186882
Solar Roof powers Buffalo Heritage Carousel in NYÂ ğŸŒ https://t.co/cxFFwmuQ2e,1.0064448754848618
"RT @elonmusk: With https://t.co/45B5nUBaxb &amp; Powerwall battery you are your own utility. 

24/7 clean, sustainable electricity.",1.0
"Solar Roof generating clean energy in Aspen, CO ğŸ”

ğŸ“¸ @weddleandsons https://t.co/5Ar8ndjoXF",1.0157116748383028
"NYC as seen through Model Y glass roof

ğŸ“¸: @Virus_City_ https://t.co/qY8TODtIQC",0.991989984391078
Tesla Shareholder Meeting https://t.co/uEv7dE43dC,1.0016654436985524
RT @elonmusk: Please consider joining Tesla AI software or hardware teams! https://t.co/HgigdtenKN,0.9986660400693872
Safety will continue to improve via over-the-air updatesÂ https://t.co/HvXQEboAUs,1.0075606733421223
Dojo whitepaper https://t.co/4PgUGuXE0a,1.016837051703601
Talk through your Tesla using the Tesla app,1.0
RT @Select Superchargers in the Netherlands are now open to all electric cars. https://t.co/DwPxc1vcF4 https://t.co/BveSRZUsC3,0.9905548498162733
RT @TeslaCharging: 30k Superchargers around the world â€” and counting https://t.co/Yw7m3cJ6HA,0.9605960369297807
RT @TeslaSolar: 250k Powerwall installs globally â˜€ï¸ğŸ”‹âš¡ï¸,1.0234190786388375
"RT @TeslaSolar: New Solar Roof tiles can deliver a 22% increase in power, resulting in more energy offset https://t.co/pxxPPgeB8s",1.0
"RT @elonmusk: Blow the whistle on Tesla!
https://t.co/c86hLA0iQK",0.9680631249147921
Cyberquad for Kids ğŸ˜,1.0
https://t.co/XQvbytjrJ2,0.9615782979524464
"In Camp Mode, your Tesla will maintain airflow, temperature, interior lighting, as well as play music &amp; power devices",0.9574998956833577
"RT @As always, Tesla is looking for hardcore AI engineers who care about solving problems that directly affect peopleâ€™s lives in a major way.
https://t.co/0B5toOOHcj",1.0424915210398429
"Tesla stability control systems measure your steering &amp; pedal inputs against each wheelâ€™s available grip, adjusting torque to give you the best traction",1.0122712415702646
https://t.co/ouYW1FFNCD,1.0502752498442884
"When you discover the megaphoneâ€¦ ğŸ“¢ 

ğŸ¥: @HayleyyMiller https://t.co/2AvhGlgCiR",0.9583536395117209
"Plaid Track Mode now rolling out in North America
https://t.co/1PR60pNb8H",0.9766481940412456
"Drive anywhere in the US using the Supercharger network, now in all 50 states https://t.co/SptUN4ipRK",1.0291284861463836
"Solar Roof keeps snow &amp; ice off your roof

ğŸ“¸: @Xenius101 https://t.co/Xfj9XGRUX1",0.9796619914256592
RT @elonmusk: Tesla merch buyable with Dogecoin,0.9940226989063033
Graffiti art at Giga Berlin https://t.co/aOj4kZNcbU,0.9456355863923224
2021 was a breakthrough year for EVs. Thank you to Tesla employees &amp; owners!Â https://t.co/DOAtk54J5v,1.0
Giga Shanghai continues to be our main export hub https://t.co/a9QB3oCmvv,1.0
We started equipment testing at Giga Berlin through the vehicle production process in late 2021 https://t.co/lIcDY8BPJB,1.0783831640444514
RT @Non-Tesla vehicles can now charge at select Superchargers in France and Norway via the Tesla app. Learn more at https://t.co/9t43ifJugM https://t.co/CC4fpaNPaw,1.0315182302998411
View a breakdown of your charging history and gas savings in the Tesla app,0.9669000499889593
RT @Non-Tesla vehicles can now charge at all Superchargers in the Netherlands via the Tesla app.  Learn more at https://t.co/hjybH0ROdl https://t.co/zjomySylf9,0.9739692743464989
You can now customize how your Tesla appears on the screen and app with the Car Colorizer https://t.co/BvnrCxEw2O,0.9739440416212682
Celebrating our one millionth 4680 cell in January https://t.co/d19IPFu18u,0.9499018541348115
First Model Y deliveries in the UK https://t.co/BRs4mmmOGL,0.9630419268243887
ğŸ¨ at Giga Berlin https://t.co/ojIvG9cg4F,0.9948776933184695
"RT @Solar Roof lets you become your own renewable energy utility. Generate clean energy and drive on solar.
ğŸ“¸: @bethlyp on IG https://t.co/BD7HNLgdAF",0.9679242780459387
First Model Y deliveries at Giga Berlin https://t.co/JCneGrBJRA,1.0286229944793697
Come join the Giga Berlin team!Â https://t.co/p1PVbG8c6x https://t.co/AyBsX36lNN,1.0685114362908825
Tesla will ask shareholders to vote at this yearâ€™s annual meeting to authorize additional shares in order to enable a stock split.,1.0234684588015655
Flying Through Giga Berlin,1.031901376989926
Cyber Rodeo livestream will start at 9 pm CT on April 7,1.0
RT @elonmusk: https://t.co/wvJ66Yr1Wj,1.0
RT @elonmusk: Preparing â€¦ https://t.co/Rb21R1ZDhN,1.0
RT @elonmusk: https://t.co/ft2zujMvkK,1.0
RT @elonmusk: I will give a talk around 9,1.0
"RT @elonmusk: ğŸ‡ºğŸ‡¸ğŸ‡ºğŸ‡¸ Gigafactory Texas ğŸ‡ºğŸ‡¸ğŸ‡ºğŸ‡¸

Grand opening party tomorrow!

Doors open at 4, festivities at 8",0.9805891627671461
Giga Texas yâ€™all https://t.co/Mrsb7jRyhr,1.0
RT @elonmusk: Show starts in ~20 mins,1.0
Cyber Rodeo livestream begins in 2h at https://t.co/6oZtiZWj0E,0.945680863455557
The single-piece rear casting in Model Y replaces 70+ underbody parts,1.0095032457190254
Tesla Q1 Earnings Call and Q&amp;A â†’ https://t.co/3TDbseohci,1.038018147893514
Tesla Cyber Rodeo,0.9947547239628303
"Tesla's 2022 Annual Shareholder Meeting will be on August 4th in Austin, TX. Thank you for your support of Tesla!",1.0243485121083356
"The future is undoubtedly electricÂ Â 
â†’ 2021 Impact Report https://t.co/Zj8onKMJrT",1.0
We created nearly 100k direct new jobs in just one decade â€“ and are planning to grow for years to come âœŒ https://t.co/xSAcfvyT0s,1.0
"In 2021, we received almost 3 million job applications. 

Join us! https://t.co/wOIwB0p5rf https://t.co/Z5MJo9khrt",1.0
"At the end of their usable life, we recycle battery packs to build brand new batteries https://t.co/zfPt8MPMdU",0.9263458706928385
"Fun on tap ğŸ¢

ğŸ¥ @saradietschy https://t.co/BStyuW1BZF",0.9974069006273683
ğŸ‘‹ğŸš¢ ğŸš˜,1.0
RT @elonmusk: Tesla AI Day #2 on Aug 19. So many cool updates!,0.9637898999488896
"Select Supercharger stations now open to non-Tesla EVs in Belgium ğŸ‡§ğŸ‡ª, the UK ğŸ‡¬ğŸ‡§, Austria ğŸ‡¦ğŸ‡¹, Spain ğŸ‡ªğŸ‡¸ and Sweden ğŸ‡¸ğŸ‡ª",1.0
https://t.co/YwpofifB7q,0.973933001123942
"RT @Tesla is building a hardcore litigation department where we directly initiate &amp; execute lawsuits. The team will report directly to me. 

Please send 3 to 5 bullet points describing evidence of exceptional ability.

justice@tesla.com",0.965185855754331
"RT @elonmusk: Tesla scores 100/100 for 7th year in a row for LGBTQ equality
 https://t.co/9wvCbgrtUE",1.0079838138255692
Surround sound &amp; comfy seats make your Tesla feel like a cinema on wheels,1.0335628156629924
"RT @Non-Tesla vehicles can now charge at select Superchargers in Denmark, Finland, Germany, Luxembourg and Switzerland via the Tesla app.  Learn more at https://t.co/hjybH19pBV",0.9870517066279331
Model Y &amp; Model 3 rank as the most American-made vehicles you can own ğŸ‡ºğŸ‡¸ ğŸš˜ https://t.co/v7O2JnEg19,1.0
100% of our cars sold in the US are built in the US - the industry average is 52%,1.0193873948532954
"10 years ago today, we delivered the first Model S to customers!",1.0050716610897081
Vote at the 2022 Tesla Shareholder Meeting https://t.co/CyAEPIRGLI,1.0
"Each shareholder has a say in our direction, including deciding on whether Tesla should be allowed to do a 3:1 stock split.",1.0344854854995538
Tesla now operates 800 Supercharger locations across 30 countries in Europe âœŒï¸,1.0305840182216341
"In Dog Mode, air conditioning will stay on while the car is locked, keeping your pets safe &amp; comfortable",1.0
Come join! â†’ https://t.co/wOIwB0p5rf,1.0230683045414708
"Model X auto-presenting doors

ğŸ¥: @ryanjaycowan https://t.co/KZcrQ79sab",1.0
ğŸ‘‹ https://t.co/1vOKQYQ7sH,1.0
https://t.co/gEH9iEojRn,1.0
RT @elonmusk: Please vote your shares with Tesla!,1.0076516047624917
Q2 2022 Earnings Call â†’ https://t.co/6oZtiZWj0E,1.0
We continue to rapidly expand our Supercharger network https://t.co/CRMEMpWTy5,1.0
We ended the quarter with the highest vehicle production month in our history ğŸ’ª https://t.co/kiIX7DsWbd,1.0658124523262535
"When parked in Model S/X, Auto Shift uses Autopilot cameras to automatically select Drive or Reverse

ğŸ¥ @teslaisntaflex https://t.co/9Xga4LTGOZ",1.0
"RT @elonmusk: Single-piece casting reduces weight, greatly simplifies factory, increases ride quality &amp; reduces road noise",1.0
Our huge casting machines enable us to make full-size cars the same way toy cars are made âœŒï¸ https://t.co/pWvW5Ovufo,0.9717438776736467
We're launching the Tesla Shareholder Platform â€” join the program to participate in Tesla events and hear more updates soon â†’ https://t.co/HUVikOo5a3,1.0
Record &amp; store video from four different angles with the built-in dashcam â˜„ï¸,1.0
RT @elonmusk: All Teslas come with a free karaoke app https://t.co/mZa3WmhyPL,1.025232882611782
RT @elonmusk: Still time to vote!,0.9933784541952857
"Alla scoperta dellâ€™antica Roma

ğŸ“¸ @Andst7 https://t.co/W9KqW2yghr",1.011816954929119
Meeting starting shortly,1.0
Livestream the 2022 Annual Tesla Shareholder Meeting today at 4:30pm CT https://t.co/KttPYLPcxi https://t.co/eF9kRVfFOr,0.9535317049794513
Our annual shareholder meeting is a wrap â€” thanks Tesla shareholders for your continued support! https://t.co/aD4EkZd75d,0.9908322273957181
RT @elonmusk: 8 years ago https://t.co/HPK5R5UMS6,0.9859998782234661
"As a thank you to Tesla owners for referring a friend or family member, we invited them to submit images that were laser-etched &amp; launched into space by SpaceXâ€™s Falcon 9.

This mosaic of photos will remain in space for millions of years &amp; possibly be found by ğŸ‘½ or future humans https://t.co/Cn4eD9PKrs",1.010809202069389
First Model Y deliveries in Australia ğŸ‡¦ğŸ‡º and New Zealand ğŸ‡³ğŸ‡¿ https://t.co/WYLMVhWjdS,0.9824715077776066
"RT @elonmusk: Note, you can upgrade your existing car to FSD in 2 mins via the Tesla app",1.0104498770960597
AI Day 2022 on Sept 30 ğŸ¤– https://t.co/S9LZ5SefUC,1.0114870721449363
ğŸ¶â¤ï¸ğŸš˜ https://t.co/tQ9MQ9GIfA,1.0063397386581492
Extreme heat and durability testing in Dubai ğŸ« https://t.co/xOmt7G9seh,0.9834856397359938
Enter your destination &amp; your Tesla will automatically include Supercharging stops in your route,1.0
RT @elonmusk: Order a Tesla Powerwall battery for blackout protection! https://t.co/tEE4LDBD78,1.017729870405441
ğŸ¨ğŸ­ https://t.co/UKj6vWDX2v,1.0
Tesla Model Y receives highest safety score of any vehicle ever testedÂ https://t.co/SJDXowtkGw,1.0247126055954483
"So fresh, so clean ğŸ§¼",1.0167854243835883
"RT @elonmusk: Blow the whistle!
https://t.co/RQLDti0ULZ",1.0180381800902973
Blind spot camera position now adjustable https://t.co/t4XnwFSxK9,1.0102826262022282
RT @Last coal shipment arrived in Hawaii at same time as Tesla Megapack batteries that will enable 24/7 sustainable energy https://t.co/zlqJHLsAQq,0.965107142419948
Powerwall FTW!,0.964480811512677
AI Day 2022 streaming live at 6:15pm PT â†’,1.0
RT @elonmusk: Tesla AI Day 2022 starts at precisely 6:15pm California time,1.0
AI Day tomorrow https://t.co/oVenZDbVMQ,0.9350771539400496
"The brain of your Tesla: Neural networks with 1 billion parameters, completing 144 trillion operations per second https://t.co/Rao4mQDZoT",1.006158206590802
Tesla goal isÂ maximum music dopamine!,1.0
"Tesla Immersive, our multichannel audio upmixer, enables stereo content to be remixed in real time, optimizing the listening experience for our vehicles specifically",1.0
"In addition, the sound system is highly configurable, which enables us to continually improve audio processing via software update",0.9717177084995721
"RT @elonmusk: In case you missed Tesla AI Day 2022
https://t.co/Sbu0peXpY1",1.0
RT @elonmusk: Excited to announce start of production of Tesla Semi Truck with deliveries to @Pepsi on Dec 1st! https://t.co/gq0l73iGRW,0.977856042187858
Your Tesla now shows energy consumed vs projected &amp; gives range tips https://t.co/ABSPLTdGVg,1.0
"Now operating 10k+ Supercharger posts across Europe

ğŸ“¸ @MinimalDuck https://t.co/9c8riIZmPm",1.0
ğŸ‡©ğŸ‡ªğŸ‘‹,0.9888444630059037
Q3 Earnings Call â†’ https://t.co/shRnZSNR4C,1.0
Tesla Semi deliveries are scheduled to begin in December 2022 https://t.co/vCgifQ0HED,1.0
Thank you to the Tesla team! ğŸ¤˜,1.0
160k Tesla owners in North America had access to FSD Beta by the end of Q3 https://t.co/VYbSWH2hp1,0.9405214580003761
Vote for new Supercharger locations â†’ https://t.co/bjNaL3DErN,1.0
"10 years of Supercharging.

46 countries.
35k+ stalls.
20 billion miles charged.

ğŸš˜âš¡ï¸ https://t.co/m3H2Hry719",1.012753881708767
Quicksilver &amp; Midnight Cherry Red â€” made at Giga Berlin https://t.co/4uMYSF1pR5,1.0
"Our most advanced paint system yet, allowing up to 13 layers for depth, dimension &amp; a hand-painted look https://t.co/UXoZwC281m",1.0
Available in Europe &amp; the Middle East https://t.co/ktVuQOvh8d,1.0
https://t.co/CqbkkORG70,0.9909946460090377
âœŒï¸ğŸ‡ªğŸ‡ºâ¤ï¸,0.9979334247017876
"Solar + Powerwall ensures you never lose power, even if the grid goes down

ğŸ¥ @jeremyjudkins_ https://t.co/rZXpyTtnmb",0.9995814186592953
"Happy Halloween ğŸƒ 

ğŸ¥ transformerskids on Instagram https://t.co/dm8NlTTzg4",1.0179402171447478
"Model Xmas sweater now available! 

https://t.co/OvrjK6WMkZ",0.9674618130647096
"Meet Megafactory, our new Megapack factory in Lathrop, CA ğŸ”‹ğŸ”‹ğŸ”‹ https://t.co/aw85eHECXI",1.0
Megafactory is capable of producingÂ 10k Megapack units per yearâ€”thatâ€™s equal to 50 fossil fuel peaker plants,1.0
View all destination chargers â†’ https://t.co/lqJMwQTuvH,0.9496956384338261
Our analysis engineers simulate hundreds of impact scenarios before ever crashing a prototype in the lab https://t.co/2cug6dPhrj,0.9560105577575964
Join our growing team installing Solar + Powerwall across the US â†’ https://t.co/BMlhHBbAJn https://t.co/mVupmqcjiK,1.0
"RT @Tesla solar and Powerwall can power your home &amp; reduce your dependence on the grid â€“ at the lowest price in the US â†’
https://t.co/aPxn1NjonJ",1.0
"RT @In pursuit of our mission, today we are opening up our EV connector design â†’

https://t.co/HTk7Si9XZy https://t.co/vMKts5h4ei",1.004581511622398
Our vehicles are designed for hardcore energy efficiency â†’ https://t.co/BbR4wRlk38,1.0171479250758944
Model S received the highest overall score from Euro NCAP among any vehicle tested under the current protocolÂ â†’ https://t.co/dTdpQH6pCg https://t.co/tnm4msFjDC,1.0
https://t.co/2Ylnmh97Oz,0.9701398197508886
RT @elonmusk: Tesla Megapacks are highly effective in addressing electricity demand spikes that cause power outages,0.9849296152176633
RT @TeslaCharging: 40k Superchargers around the world â€” and counting https://t.co/w6tShTkwPA,1.053848866507369
Semi Delivery Event streaming live on Twitter at 5pm PT tonight,0.9868803935737823
"The best driver experience: max road visibility, space to stand up, 2x 15-inch touch screens, wireless phone charging &amp; more https://t.co/ktrh602Krd",1.0
"Semi is built like a bullet, not a barn wallâ€”optimized for efficiency https://t.co/VeHue9gcaE",1.0
Consumes &lt;2 kWh of energy per mile,1.0
"Tesla Semi driving 500 miles, fully loaded, on a single charge https://t.co/iZzomLcwZF",1.0
"Completed at highway speed, without charging on the way &amp; over 4,000 ft of elevation https://t.co/9MB0ejk2o6",1.0
"Semi has a tri-motor system &amp; carbon-sleeved rotors just like Plaid. 1 unit for efficiency, 2 acceleration units for torque https://t.co/MDn4cj0jzO",1.0
Tesla engineers tested Semi in a variety of harsh conditions to maximize reliability &amp; durability https://t.co/qjctWZSWvQ,1.0
"3x the power of any diesel truck on the road, with the efficiency to go 500 miles https://t.co/0BghOBr9M6",1.0
https://t.co/mq8y8Rtuej,0.9618508172375222
Delivered our first Tesla Semis last week âœŒï¸ https://t.co/4o2tlkDcyH,1.0
https://t.co/sS3CExP48Q,0.990173911382396
Configurator now live in Thailand ğŸ‡¹ğŸ‡­ â†’ https://t.co/3lVkllVQJ4,1.0209755815669554
"40 Megapack units balance the grid in Lessines, Belgiumâ€”making it the biggest operational energy storage system in continental Europe https://t.co/rdmcLVjtZK",1.0
This system has 50MW of power &amp; 100MWh of capacity,0.9745813540269536
"Semi's cabin is significantly bigger than that of traditional heavy trucks, with lots of storage and easy access https://t.co/woSoq2QoPp",0.9764479499707664
Schedule your own Light Show on multiple vehicles simultaneously to create your own orchestra of light https://t.co/mJdUcBmXLm,1.0
View the cabin camera from the Tesla app while using Dog Mode or Sentry Mode to keep an eye on your puppy ğŸ¶ https://t.co/yyeyfF5XTd,1.0
Steam is hereâ€”bringing thousands of games to new Model S &amp; X vehicles ğŸ® https://t.co/PDzjtefv7A,1.0
Holiday Update rolling out now ğŸ…,1.0
Apple Music now goes to 11 ğŸ”Š,1.0
"&amp; more:
 
- Control your garage door remotely using MyQ from your touchscreen  
- Emissions Testing Mode in the Tesla app ğŸ’¨ 
- Always show Rainbow Road ğŸŒˆ 
- Make Zoom calls with the cabin camera 
- UI cards are back, including a new media card",0.9411292076684346
RT @Tesla: Schedule your own Light Show on multiple vehicles simultaneously to create your own orchestra of light https://t.co/mJdUcBmXLm,1.0
RT @View the cabin camera from the Tesla app while using Dog Mode or Sentry Mode to keep an eye on your puppy ğŸ¶ https://t.co/yyeyfF5XTd,1.0
"RT @elonmusk: You can play Cyberpunk, Elden Ring and 1000s of other games in your *car* with an epic sound system!!",0.9843695542043793
"Introducing Tesla Electric, the electricity plan that offers low-cost clean energy for homes with Powerwallâ€”starting in Texas â†’ https://t.co/qpvfUgTvft https://t.co/g34QhN8xZR",1.0
"Tesla Electric lets Powerwall owners generate, use &amp; export sustainable power to run their homes https://t.co/JHZ48NSwUS",1.0
"Giga Texas hits 3k Model Y builds/week. 

Congrats, Tesla team! ğŸ¤˜ https://t.co/uhG03gFyba",0.9960142538306986
Weâ€™ve completed 500k+ Solar Panel and Solar Roof installationsâ€”thatâ€™s equal to ~4 GW of clean energy â˜€ï¸ https://t.co/Tjz6PzYuah,1.0
"Be your own utility with Solar &amp; Powerwall â†’
https://t.co/e3O2PP5HOd",0.9341165980999501
Every Tesla has an electronic powertrain that provides instant torque controlâ€”enabling more control &amp; stability in winter conditions,0.9755504587205281
Supercharging powered by the sun â˜€ï¸ https://t.co/5vbpQXBvpe,0.9438084396294513
"Model Y just broke the bestselling car record in Norway, held since 1969 by the Beetle! ğŸ‡³ğŸ‡´",1.0
Model Y achieved the highest overall weighted safety score of any vehicle tested this year by ANCAP (ğŸ‡¦ğŸ‡º &amp; ğŸ‡³ğŸ‡¿  safety rating agency),0.9547350515755539
RT @TeslaSolar: Tesla Solar + Powerwall installations but make it festive ğŸ„ https://t.co/cmkpFHXhlr,1.0
Giga Texas is alive âš¡ï¸ğŸš˜,0.9081436141155538
Tesla ecosystem https://t.co/BLTrFuFU6o,0.9843777540186893
S3XY winter testing in New Zealand ğŸ‡³ğŸ‡¿â„ï¸ https://t.co/UMttiFOhxU,1.085851348226831
"2022 was a huge year for EVs. 

Thank you to Tesla owners, supporters &amp; employees for helping us accelerate the worldâ€™s transition to sustainable energy! âš¡ï¸ğŸš˜ğŸ”‹â˜€ï¸â¤ï¸",1.0
"- Continued to ramp vehicle production at Giga Texas &amp; Giga Berlin, with both building 3k Model Y/week in mid-December
- Reached 500k+ Solar Panel &amp; Solar Roof installations ğŸ˜âš¡ï¸
- Enabled anyone in North America who has purchased FSD to request FSD Beta, reaching 285k cars total",1.0
"- Achieved a record output of 4680 cells, with total amount of cells produced in one week equaling 1k+ cars 
- Broke the Beetle's 1969 record for most sold car in Norway with Model Y

To be continued in 2023 âœŒï¸",1.0
"- Published the North American Charging Standard, opening our EV connector design to the world ğŸ”Œ 
- Launched Tesla Electric in Texasâ€”enabling Powerwall owners to generate, use &amp; export sustainable energy to power their homes âš¡ï¸",1.0037983492523959
RT @elonmusk: Please comment on this matter,0.9914702512867389
Teslaâ€™s impact in California â†’ https://t.co/4MudoNiCJG,1.0
Silence brought to you by two laminated layers of glass with an acoustic barrier in between,0.9783110665672536
Watch live TV &amp; stream your favorite shows in your Tesla when parked,1.0049847210769627
"In 2022, Model Y was the bestselling EV in Austria, Belgium, Switzerland, Germany, Norway, Portugal, Slovenia &amp; the UK

It was also the bestselling car in Iceland &amp; Norway

Europe ğŸ¤ Tesla",1.0
Thanks to our new &amp; old Tesla owners for helping us accelerate the transition to sustainable energy ğŸŒ,1.0
Experience Plaid in Europe ğŸ‘€ â†’ https://t.co/UtB4ELwoUO https://t.co/osfcTz0VYI,1.022465819568125
360 MWh of Megapacksâ€”capable of serving renewable energy to 60k homes ğŸ”‹ â†’ https://t.co/Jpr1EDSWCX,1.0
Model Y â„ï¸ Waltz https://t.co/MXwkRHaiTe,1.0
Model S &amp; Model Y received the highest overall safety scores among every vehicle tested by EuroNCAP in 2022 https://t.co/3RgxHFXYvq,1.0
Model Y earned Best in Class in the Small Off-Road category &amp; Model S achieved the same in the Executive &amp; Pure Electric categories â†’ https://t.co/6KKHsRCoAR,1.0033019345589462
View your charging history &amp; savings for the full year in the Tesla app https://t.co/6pZhR9HQsz,1.0
Tesla owners collectively saved $2B+ in 2022 âš¡ï¸,1.0
RT @TeslaCharging: Wifi coming to a Supercharger near you ğŸ“¶https://t.co/2iTCt6hTAB,1.0763339506772984
"Tesla operates the worldâ€™s largest global fast-charging networkâ€”40k+ Superchargers in 46 countries, located near amenities &amp; optimized for high-speed charging on road trips https://t.co/XEUJdVzZTP",1.0
"Your Tesla will charge faster at a low battery level. 

Depending on your destination, charging to 100% often isnâ€™t necessaryâ€”your car will notify you when you have enough charge to continue your trip",1.0
"Supercharging FAQ @TeslaCharging â†’
https://t.co/eOyaO3P5eN",1.0
"To start charging, simply plug inâ€”no need to swipe a credit card

Supercharging history is automatically populated in your Tesla Account, showing the credits used or the amount billed",0.9588829570238564
Track Mode lets you use your Teslaâ€™s instant response &amp; motor torque to feel superhuman on the trackâ€”available on Model S Plaid + Model 3 &amp; Y Performance https://t.co/DXPmsEBz4d,1.0
"Adjustable traction control, stability control &amp; regenerative braking let you fine tune your handling from your touchscreen https://t.co/Gd0ejoTtrN",1.0
Track Mode details â†’ https://t.co/1PR60q5kmP,1.0
RT @TeslaSolar: 24/7 sustainable electricity ğŸŒ â†’ https://t.co/MbLpakKpXt,1.0
RT @Tesla Solar Inverter generates the most energy for the lowest all-in cost over the lifetime of the system â†’ https://t.co/8bZJhYb2UN,1.03014577891896
"To keep occupants comfortable, we can draw excess heat from outside environment &amp; powertrain to heat the cabin, improving heating efficiency &amp; boosting range",1.0
"For Supercharging, we use this same principle to warm up the battery pack, so you can charge faster &amp; get back on the road, sooner",1.0
"Heat Pump allows us to move heat around to whatever system needs it most, giving Tesla vehicles unmatched efficiency in cold weather â†’ https://t.co/EwKh0BU8sT",1.0668447343931429
"Today, weâ€™re announcing $3.6B of new investment in Giga Nevada.

- 4M sq ft of new manufacturing footprint
- 3k additional team members
- 2 new manufacturing facilities: a 100 GWh 4680 cell factory &amp; our first high-volume Semi factoryÂ 

Details â†’ https://t.co/4CBOIFLwAW https://t.co/rqXzyE7eRK",1.0
"We've come a long way since we broke ground at Giga Nevada in 2014.

To date, the team there has successfully produced:Â Â 
- 7 billion battery cells
- 1.5 million battery packsÂ Â 
- 3.6 million drive unitsÂ Â 
- 1 million energy modules",1.0
"Thank you to the Tesla team, our supply chain partners &amp; the local community that helped us get here! https://t.co/k4onev0rQP",0.9980828782706684
Q4 2022 Earnings Call https://t.co/JNL5ovciRJ,1.0
"In 2022, we produced &amp; delivered 1.3M+ vehicles ğŸ’ª 
 
In Q4 we achieved our highest-ever quarterly revenue, operating income &amp; net income â†’ https://t.co/6WkUryAhKO https://t.co/aOzmL76uja",1.0
We have now released FSD Beta to nearly all customers in the US and Canada who bought FSD (approximately 400k) https://t.co/pMVmQzmyCB,1.0
"Energy storage deployments increased by 152% YoY to 2.5 GWh in Q4, for a total deployment of 6.5 GWh in 2022â€”by far the highest level we have achieved. 
 
Weâ€™re ramping production at our dedicated 40 GWh Megafactory in Lathrop, CA to address growing demand https://t.co/zQclrMASGM",1.0
"Giga Shanghai continues to be our main export hub, supplying most markets outside of North America https://t.co/0cp8AAaSGb",1.0
Full presentation â†’ https://t.co/82uFyKANI8,1.1183907578013317
RT @elonmusk: Congrats Tesla California factory team on all-time record production! https://t.co/1aF53hgWgM,1.0627341391908964
Melt snow &amp; warm your cabin from a ski lift (or anywhere) in a few minutes using the Tesla app https://t.co/uv7SrsUoG9,1.0
RT @elonmusk: What the Tesla Giga Nevada factory will look like when finished. https://t.co/0O5U8jRerQ,1.051836922537356
RT @tesla_europe: Model S sets new record in the worldâ€™s biggest EV range test in Norway â„ï¸ â†’ https://t.co/EJn7mt7Hdy,1.0
"15 years ago today, we delivered the first Tesla Roadster â†’ https://t.co/O8FipJIjAc https://t.co/A0EfkufDbS",1.057134823747245
Megapack Factory https://t.co/Ffw3KcxoGf,1.0370122659561323
"RT @TeslaSolar: Powerwall helped 3,700+ Texas solar owners avoid an outage during the winter storm last week",1.010553375186486
Event will be streamed live on Twitter &amp; YouTube,1.0
"RT @Master Plan 3, the path to a fully sustainable energy future for Earth will be presented on March 1. 

The future is bright! https://t.co/11ug0LRlbD",1.044565808754795
"Keep an eye on your puppy with Dog Mode &amp; the Tesla app ğŸ• 

ğŸ¥ @ryanjaycowan https://t.co/Nbb6BGaC0H",1.0
"Excited to have Brandon Ehrhart join the Tesla team as our General Counsel &amp; to have Dinna Eskin continue in a leadership role in Tesla Legal, as we build a world class team!",0.9747945538142232
Giga Berlin is the machine that builds the machine ğŸ¦¾,1.0
"Giga Berlin is home to our most advanced paint system yet, enabling multi-layer painting for depth, dimension &amp; a hand-painted look https://t.co/W4mCZWfF7D",1.0
"Finally, the vehicle moves to General Assembly, where seats, HVAC, power electronics, drive units &amp; more are installed, using 20+ automated stations. 

This is our biggest shop by headcountâ€”on any given shift, 1k+ people are helping build Model Y https://t.co/IgSrCpH5DR",1.0
"In the body shop, stamped parts &amp; chassis castings are welded together by 600+ robots. Each car body is then lifted into the paint shop by one of the largest industrial robots ever, named Godzilla https://t.co/n5jGXhmLkB",1.0311777231247878
Find your perfect match ğŸ¤–ğŸ’ https://t.co/Sz8TA0gWEy,1.0
"First Model Y &amp; Model 3 deliveries in Thailand ğŸ‡¹ğŸ‡­ 

https://t.co/8XuvtAkFmg https://t.co/1eUD2tNPhP",1.0618410164949643
RT @TeslaCharging: Select Tesla Superchargers across the US will soon be open to all EVs,0.9690610142380979
In response to false allegations â†’ https://t.co/hh2wtXziP8,0.9854518677516315
Tesla's Manufacturing Development Program is a high school graduate pathway that has already hired hundreds of students into careers at Tesla â†’ https://t.co/uiMweFfHO3,1.0
Last yearâ€™s Signing Day at Giga Texas âœŒï¸ https://t.co/LdELCyAfZC,0.9911273304533171
Come join our Engineering team in California! â†’ https://t.co/SYHtzDAj4S,1.0
California Engineering HQâ€”Remarks by Gov. Newsom/Elon Musk https://t.co/DMoY7TYK5O,1.0
California Engineering HQ announcement with @elonmusk &amp; @GavinNewsom at 11:45am PT,1.0180295840448446
"Our global HQ remains in Austin.

Our new Engineering HQ in Palo Alto will serve as the main location for Tesla Engineering.",1.0
"Tesla began as a long-shot startup, founded 20 years ago in San Carlos.Â 

Now, weâ€™re Californiaâ€™s largest manufacturing employer! https://t.co/XpH3SNfigf",1.0
"Our product impact across the state includes:
âƒVehicle design
âƒMegapack production
âƒHardware &amp; software engineering
âƒVehicle &amp; battery manufacturing
âƒBattery development &amp; testing",1.0
"In 2022, we grew to 47k direct employees &amp; $5B of capital investment in California.Â 
Â 
Today, weâ€™re continuing our investment in California with our new Engineering HQ in Palo Alto âœŒï¸ https://t.co/FvQyRtgNrg",1.0
Engineering HQ Opening https://t.co/qyA5CpQvc9,1.0
Engineering HQ opening streaming live on Twitter at 7pm PT,0.9685452388617947
Just another day at the office ğŸ˜ https://t.co/QVFdPQkzS2,1.041835143224655
"RT @tesla_europe: 4k Model Y built at Giga Berlin this week ğŸ¤˜

Congrats to the Tesla team! https://t.co/VJ0qBPkQ6U",1.0162085615639578
Tesla Investor Day streaming live on Twitter &amp; YouTube at 3pm CT tomorrow,0.982416545731998
"Teslaâ€™s purpose is to accelerate the worldâ€™s transition to sustainable energy 

Today, weâ€™re unveiling Master Plan 3â€”the path to a fully renewable energy future for ğŸŒ https://t.co/fsJ7qDpdqF",1.0
"Stationary energy storage improves energy resiliency &amp; is the key to a 100% renewable grid. 

Our goal is to deploy more big batteries faster, while driving grid value. https://t.co/KpzyXVfhTs",1.0
"Our residential energy ecosystem provides all software &amp; hardware pieces to reduce electricity bills, make the grid cleaner &amp; enable customers to be their own utility https://t.co/bs3TiidaDb",1.0
We produced our 4 millionth vehicle at Giga Texas today âœŒ https://t.co/YMxb4zX5WB,1.0
Tesla Investor Day https://t.co/kcJWQcAFkJ,0.9233703096611062
"Our next Gigafactory will be in Mexico, manufacturing our next-gen vehicle https://t.co/bk0IKrGtaZ",1.0
Investor Day Q&amp;A https://t.co/GdMdI2IQ1E,1.0395879593591906
How it started vs how itâ€™s going ğŸ˜ https://t.co/hkqsDa2uLv,1.0
"Falcon wing doors are designed to proactively detect obstacles that prevent the doors from moving when an obstacle is detected.
Â 
Sensors that can sense through metal enable the doors to adjust based on available lateral &amp; vertical space",1.0
"This also provides easy access to the third row of the vehicle, even when you have child seats in the second row!",0.9622112157506093
Introducing Ultra Red paint for Model S &amp; X https://t.co/CFT1sdyIr1,1.0
"More updates:Â 
- Glass roof now weighs less & lets in 5x more light with same level of UV protection. This also improves handling as it helps low center of gravity

- Plaid S & X come with improved brake pads with higher thermal capacity = better overall braking performance

- Round steering wheel now an option",0.9869751369918855
"RT @Regenerative braking turns our motors into generators, converting kinetic energy into electricityâ€”recharging your Tesla's battery &amp; slowing down the vehicle

Using the motors instead of friction brake means brake pads last longer &amp; need to be replaced less frequently",1.0
Powerwall is now available with &amp; without solar in select US markets â†’ https://t.co/exB4mx6eKR,1.0
"For areas not yet covered, place a reservation &amp; weâ€™ll notify you when available",1.0544832119407141
"Over the last 5 years, we've unlocked 30% faster charge times through a combination of hardware, software &amp; customer education https://t.co/FZFoS85pBN",1.0
"Using real-time vehicle &amp; site data, Trip Planner routes vehicles to available sites &amp; away from crowded sites. 

This has helped cut wait time in half since 2019! https://t.co/NS9foC0Fkl",1.0
But can it run Crysis? https://t.co/MNedMuy12Y,1.0018859249231338
Giga New York is the new home of Prefabricated Supercharger Units (PSUs) https://t.co/Yi41Tv1iVn,1.0
"PSUs are fully assembled Supercharger sitesâ€”they come with stalls mounted on a concrete slab &amp; electrical components prepared for grid connectivity

This helps us to get new sites up &amp; running significantly fasterâ€”enabling construction to be completed within days, not weeks https://t.co/DEWa0j4gca",1.0
"More than half of the 40k+ Superchargers around the world were made by our incredible 2000 person team in Buffalo!

Giga New York is also making the next generation of Tesla Superchargers and Semi chargers âœŒï¸ https://t.co/8DiQ7UmU6K",1.0089965397923875
Ultra Red https://t.co/Hwx4KQY2Wk,1.000411547751093
Model 3 can drive over a mile on the energy it takes to boil a pot of water for pasta ğŸ https://t.co/F2A8AwPVZt,0.9908953592736507
Schedule your light show on multiple vehicles simultaneously to create an epic festival of lights!,1.0678880764259544
How drag strip mode works â†’,1.0
"RT @elonmusk: Tesla Powerwall enables your home to operate normally during a power outage
https://t.co/tEE4LDCaWG",0.9923933890538695
"RT @tesla_europe: One year ago, we delivered our first made-in-Germany vehicles! 

hbd Giga Berlin ğŸ‰ https://t.co/H1XzOIx92H",0.986012185845185
Rolling out Tesla Vision Park Assistâ€”utilizing vehicle cameras &amp; our vision-based occupancy network to provide distance estimates to objects 360Â° surrounding your Tesla https://t.co/8EhWbMD10K,1.0
You decide where you want to goâ€”your Tesla will automatically include charging stops along the way,1.0109145113217612
"Third row in Model X gives you plenty of leg room, easy access to child seats &amp; storage space for long cargo

Also, great views!",1.0152679957158985
RT @tesla_europe: Features a Cybertruck-inspired bottle &amp; comes in a pack of 3 btw,1.0
"RT @tesla_europe: Brewed for cyborgs, made by humansâ€”Giga Bier now available â†’ https://t.co/5IBX8ymKa4 https://t.co/R3vYgqKrx7",1.0361510639634335
"Tesla vehicles provide a very low probability of rollover risk &amp; occupant injury.

Lars Moravy, our VP of Vehicle Engineering, explains why https://t.co/LmJkHer3gS",0.9745425876719128
"The lifetime running costs of a Tesla are significantly lower than those of comparable ICE vehicles due to lower maintenance costs, cheaper electricity (vs fuel) &amp; higher vehicle efficiency",1.0
"RT @Thank you to all Tesla owners who took delivery this quarter ğŸ¤
 
If this is your first EV or Teslaâ€”hereâ€™s a brief intro to Tesla ownership: https://t.co/FBp5WYsq6H",0.9878889260079033
Earth Day photo contest now live in the Tesla app https://t.co/KrgsFzneun,1.0
"Submit your best Tesla pics for a chance to win 3500 credits (can be redeemed in Loot Box for Supercharging, software upgrades &amp; more)",0.9644524229676743
"Enter for a chance to attend our 2023 Annual Shareholder Meeting in person on May 16th in Austin, TX ğŸ¤ Â 

Thank you for your support of Tesla!

â†’ https://t.co/u7zxoTHL6T",1.0
Big batteries FTW! https://t.co/H2KhRY2VmS,1.0
"Tesla Master Plan, Part 3 â†’ https://t.co/3E69ytIzYH",0.9899766326736458
RT @TeslaCharging: 45k Superchargers around the world â€” and counting https://t.co/DkVMdk8Cre,1.0247770581833187
Minimal maintenance = less $ vs comparable ICE vehicles https://t.co/hAGV3jxABw,1.0
Tesla Mobile Connector lets you charge your Tesla anywhere thereâ€™s a power outlet https://t.co/zzYA8tlsJM,0.9934820130981958
Your Tesla calculates a long-term average difference between front &amp; rear axle wheel speeds &amp; uses this to model a difference in tread depth between the axlesâ€”alerting you if it estimates significantly less tread depth on the rear vs front âœŒï¸,1.0119528491627228
Tesla Q1 Earnings Call and Q&amp;A â†’ https://t.co/THWUwxgvYT,1.0
Tesla Q1 earnings call streaming live on Twitter at 4:30pm CT tomorrow,0.9683142484132231
"Q1 Shareholder Update â†’ https://t.co/u0UcDOueXC
â€”
Highlights

In Q1, Giga Berlin achieved a production rate of 5k Model Y/week.

Cybertruck equipment installation continued in Q1, with production remaining on track to start later this year.

We achieved 44% growth in vehicle production & 36% growth in deliveries YoY, despite Q1 historically being the most challenging quarter for the auto industry.

Giga Shanghai has been successfully running near full capacity for several months & remains our main export hub.

Energy storage deployments increased by 360% YoY to 3.9 GWhâ€”by far the highest level we have achieved.

Weâ€™re rapidly growing energy storage production capacity at our Megafactory in Lathrop.

Total miles driven on FSD Beta has now surpassed 150M ğŸ¤–",0.9151213584695888
Trip Planner now available in Tesla app https://t.co/k9YyLszAqu,1.0
"Even with a full trunk, Model Y can comfortably fit a family of 7",1.0021873897578462
"Tesla exists to accelerate the transition to sustainable energy.

Impact Report 2022 â†’ https://t.co/xZBOkoRNUo

â€”

2022 Highlights

Last year, our customers avoided releasing about 13.4 million metric tons of CO2e into our atmosphere ğŸŒ

Tesla vehicle emissions are significantly lower vs ICE vehicles. This will continue to improve as the grid gets cleaner, while the carbon impact of ICE vehicles remains the same every year.

After 17 years of drivingâ€”the average life of a vehicle in the USâ€”a single Tesla will avoid almost 55 tons of CO2e.

Also, the Supercharger network continues to be 100% renewable. This was achieved via onsite resources & annual renewable matching.",1.0
"Each Gigafactory we build is more efficient than the last, reducing our vehicles' carbon footprint further.

This includes improving factory layouts, covering roof space with solar panels & leveraging AI to improve how we use energy.

We also reduced water use in vehicle manufacturing by 15% year over year & currently use less water per vehicle than almost any ICE carmaker.

â€”

We support responsible mining & refining.

Specifically:

- We source directly from mining & refining companies. Avoiding the middleman enables more transparent & easily traceable supply chain data.

- We use external mining initiatives & expect suppliers to undergo independent audits.

In addition, vertical integration & regionalization help us have more control over supply.

None of our batteries go to landfillsâ€”at the end of their usable life, we recycle them to build brand-new battery packs.

â€”

Product affordability is fundamental to our mission.

The more products we sell, the more we move in the needle in favor of a sustainable future. Model 3 is the first EV to be priced on-par with ICE vehicle equivalents.

Tesla vehicles are engineered to be the safest in the world.

By collecting anonymous data from 4M+ vehicles in our fleet & replicating real-world accidents, weâ€™re able to make current & future vehicles even safer.

In 2022, a Tesla with Autopilot engaged experienced 0.18 accidents per million miles driven, while the US average was more than 8x higher.",1.0
"We received 3.6 million job applications in 2022 &amp; grew by 29k employees âœŒï¸ 

Come join us â†’ https://t.co/wOIwB0p5rf",1.0
"Every Tesla is designed for minimal maintenance. If your car does require attention, you can request & manage service entirely via the Tesla app ğŸ“± 

By remotely diagnosing issues, we can pinpoint problems faster & reduce the time your vehicle spends in the shop.

More so, most repairs can be done without visiting a service centerâ€”our mobile technicians will come to wherever your car is parked. 

Your Tesla can also monitor specific parts, detect replacement needs & preorder them ahead of your next service appointment.

Over-the-air updates continuously improve your carâ€”making the software better & the hardware more efficient â†’ https://t.co/ldCYtvnINR",0.9794926909606924
Your Tesla can automatically navigate to destinations based on your calendar https://t.co/geWybKMpbF,1.0395741762348911
Look Up,1.0
RT @TeslaCharging: How it started:                                              How it's going: https://t.co/oBCIGwNEnk,0.9913538536658654
"Goal is to give you the full live concert experience, minus the crowds

ğŸ¸ğŸ¶",1.0
Model S Plaid track pack coming soon https://t.co/a2YtxnVu22,1.0312432311530098
"What should Tesla improve? 

Let us know in comments below",1.0343681578585529
"Increasing lithium refining capacity is critical to a sustainable energy economyâ€”today, we're breaking ground on our in-house lithium refinery outside of Corpus Christi, TX. 

This facility will also prioritize the elimination of a challenging refinery byproduct (sodium sulfate). 

Instead, the byproduct is a mixture of sand & calcium carbonateâ€”a viable additive in the production of construction materials, allowing us to make use of this waste stream. 

In the future, we will also process other intermediate lithium feedstocks, including those from recycled batteries & manufacturing scrap.",1.0
Tesla Lithium Groundbreaking Ceremony https://t.co/0MCiZvQLHl,1.0
Tesla Lithium Refinery groundbreaking will be streamed live on Twitter at 3 PM CDT,0.9785534317967095
Giga Texas achieves production of 5k Model Y/week https://t.co/WwZrv3CYae,1.0
Vote at the 2023 Tesla Shareholder Meeting â†’ https://t.co/CyAEPISeBg,1.0088435539015947
The spice must flow https://t.co/yIw4qh8fvA,0.9990911561115189
"RT @S3XY vehicles ğŸ¤ hot engineers ğŸ¥µ

Our field quality engineers head to Dubai at the hottest time of the year for extreme heat &amp; durability testingâ€”temperatures reach over 50Â°C https://t.co/ijxGJXW5ki",1.0095956461182416
Tesla Annual Shareholder Meeting 2023 https://t.co/YsihrVo3wi,1.0
Tesla Annual Shareholder Meeting streaming live on Twitter at 3pm CT tomorrow,0.9944911483402225
"RT @Multiple fully Tesla-made Bots now walking around &amp; learning about the real world ğŸ¤– 

Join the Tesla AI team â†’ https://t.co/dBhQqg1qya https://t.co/3TZ2znxkfd",1.0
"Tesla Vision powers most of our active safety features.

8 cameras + deep neural networks + learnings from our fleet of 4M+ cars enable greater levels of reliability vs classical vision processing techniques https://t.co/veqlZVwH15",1.0
"RT @elonmusk: Tesla Powerwall does the seem for individual homes (if you have the backup switch installed)
https://t.co/mY2WHe1KE1",1.0
Total miles driven by the Tesla fleet has exceeded 100 billion miles globallyâ€”equal to 532 round trips to the sun!,1.0304061358918353
Cybertruck winter testing â„ï¸ https://t.co/SCSHaKJ5n5,1.0
âœŒï¸ğŸ”‹âš¡ï¸,1.0343119268719188
"Model S &amp; X use accelerometers on the chassis to measure road noise frequencies, which are canceled out via the speakers.

This makes your cabin quieter ğŸª„",0.9816113891597907
Thank you to Tesla owners for making Model Y the worldâ€™s bestselling car in Q1 this year!,1.0
RT @jimfarley98: https://t.co/EbhWcgI9Gp,1.0
"RT @To accelerate the transition to sustainable energy, we look forward to more EVs adopting the North American Charging Standard &amp; using the Supercharger network",1.0
"RT @TeslaCharging: Excited to welcome Ford owners to thousands of Superchargers across North America next yearâš¡ï¸âœŒï¸
https://t.co/giU8PKHexE",1.0621245054040283
"If the grid goes down, Solar + Powerwall will continue to power your home 

â˜€ï¸ğŸ”‹ğŸ¤ğŸ¡",1.0
RT @Congratulations to Giga Shanghai &amp; Tesla China SDS teams for their excellent work overcoming many obstacles over many years!! https://t.co/Q1QKajKR1l,1.0
Swipe down on Tesla nav button for your car to automatically navigate home or to work if at home https://t.co/cMYZlwBlx6,1.0341615529638033
"RT @BREAKING: @Tesla says ALL new Model 3 vehicles in the US now qualify for the full $7,500 EV tax credit, meaning the Model 3 now starts at $32,740 (with incentives). In some states, you can get it for under $30k.

Before, the RWD and Long Range versions only qualified for $3,750. https://t.co/6K3aW60vse",1.0266198450318345
"Enable walk-away lock for your Tesla to automatically unlock/lock as you walk up to or away from the vehicle

Controls &gt; Locks &gt; Walk-Away Door Lock",1.0
"This works with both phone key &amp; key fob, whichever you prefer to use",1.0046852237407846
ğŸ¤˜,1.0
Additional incentives available if you fall below certain income levels â†’ https://t.co/DY3N0AX9o9,1.0143845027321314
"RT @Welcome GM owners to Superchargers across North Americaâš¡ï¸ 

Details about the North American Charging Standard (NACS) â†’  
https://t.co/HTk7Si9qa0",1.0
"Full $7,500 federal tax credit applies to all new Model 3 & Yâ€”meaning Model 3 starts at $32,740

Factor in fuel/maintenance savings & total cost of ownership vs comparable ICE vehicles drops to well below $30k.

If eligible, state & local incentives can drop price as low as $20k in certain states!

â†’ https://t.co/g5jAtpc3tq",1.0749106893188178
https://t.co/YmZ0p0WQnX,1.0
https://t.co/I8yCOCPbN2,1.0087138084202096
"Within 15 mins, you can recover up to 200 miles/275 km",1.009253906799128
Total cost of ownership for a Tesla is lower than that of comparable gas vehicles https://t.co/YKyTxedeKM,1.0
RT @Powerwall with Backup Switch automatically detects grid outages &amp; powers your home when you need it most â†’ https://t.co/gteSURtsnM https://t.co/pSmmFWAzxM,1.0300615398505844
Produced our 10 millionth 4680 cell at Giga Texas this week! https://t.co/0x2CNoDvCR,1.0317444837655727
Supercharger network ğŸ¤ @Rivian owners,0.9974624203038263
The most American-made cars are S3XY â†’ https://t.co/9jpSUtPrMi https://t.co/XlFF9TfQD5,0.9640659068716928
"Solar Roof is built to withstand any weather, including heavy storms &amp; hail https://t.co/S50Z01rrwp",0.9519858815462034
"Camp Mode maintains cabin temperature, airflow &amp; interior lighting while you sleep ğŸ•ï¸ https://t.co/8QUawxJKMc",1.0132678919831761
"â€œThat's our boundaryâ€”what does physics say is the envelope? That's as far as we'll take things.â€

Engineering Model Y from first principles â†’ https://t.co/AVVsv6p1BF",1.0649731086369005
Share directions with your Tesla from your phone &amp; it will automatically start routing https://t.co/cGBANmDIlY,1.0
"RT @Tesla_Asia: Model Y is now the best-selling passenger vehicle in Australia ğŸ‰Thanks to our owners in AustraliağŸ‡¦ğŸ‡º

https://t.co/V0cK5yjoWO",0.9968086480794994
"RT @@Tesla You can also sync your phone calendar with car &amp; tap on screen to go to an address. 

And just swipe down on nav button to route home or route to work if youâ€™re at home.",0.9877364993688492
"RT @teslaenergy: Powerwall keeps your home running, so no more outages",1.0183492577082616
"If your Tesla has &gt;20% charge, Cabin Overheat Protection automatically ensures safety of your loved ones https://t.co/L9vxyd9QvX",1.007605072957619
ğŸ˜,1.0333458597552299
Stain-resistant &amp; easy to clean https://t.co/yp2RxFP6Fm,1.0
Most dirt can be wiped off with just warm water &amp; a microfiber cloth,1.0112302739277992
"Q2 Shareholder Update https://t.co/u0UcDOueXC

â€”

Highlights

In Q2, we produced a record number of vehicles, thanks to ongoing ramps of our new factories & strong performance of Shanghai & Fremont.

Cybertruck equipment installation at Giga Texas is in progress, with deliveries remaining on track to start later this year!

Yield of our in-house 4680 cell production lines continues to increase. Weâ€™re also building capacity for cathode production & lithium refining in the US.

S3XY market share is growing globally!

Model Y was the best-selling vehicle of any kind in the first half of the year in Europeâ€”thank you to our European owners!

Autonomy at scale is achieved by:
- Extremely large real-world data set
- Neural net training
- Vehicle hardware
- Vehicle software
â€”all of which we develop in house.

Recently, we have started production of Dojo, our training computer, which is expected to make neural net training faster & cheaper",1.0
https://t.co/wy3SfYfDjs,1.0
Q2 2023 Earnings Call https://t.co/mZu4TeZ6lE,1.0
Tesla Q2 earnings call streaming live on Twitter at 4:30pm CT,0.9236505611144751
Model Y configurator now live in Malaysia ğŸ‡²ğŸ‡¾ â†’ https://t.co/jY1mdaTKzd,0.9733805208331165
"Latest Tesla software update now rolling out!

Highlights below

â€“

Charge on solar
In the US & Canada, you can now charge your Tesla with solar energy if you have a Powerwall

Camera view on Tesla app
You can now see multiple cameras at once when checking your vehicleâ€™s surroundings in the app

Spotify updates
Improved UI & audiobook support

Warmer display colors
Controls > Display > Reduce Blue Light for your touchscreen to shift to warmer colors at night

Customize scroll wheel
Cycle through different functions using the left scroll wheel, now available on Model S & X

Blind spot camera
You can now adjust position of blind spot camera on your touchscreen in Model S & X

Vampire Survivors
Now available in Arcade

Bluetooth game controllers
Bluetooth game controller support for Model 3 & Y",0.9941100992078503
Doors can be closed remotely via the Tesla app or directly from your touchscreen ğŸª„,0.9932145530901448
"Tesla glass keeps your cabin quiet, provides UV protection &amp; can withstand 4x the weight of the car https://t.co/Z9PoNXvK3D",1.0043509474865817
"You can now schedule service, track progress &amp; manage pick up/drop off via the Tesla app https://t.co/bDpctGLvqt",0.9858294170601196
Most repairs &amp; maintenance can be done wherever you park,1.0
"RT @Our multichannel audio algorithm enables stereo content to be upmixed in real time &amp; adjusts the sound system relative to traffic noise.

This makes for an immersive listening experience no matter what's happening around you.ğŸµ https://t.co/FJbITod9jg",0.9665294813811702
More Cowbell! https://t.co/kvvoyR9vxT,0.995294675423465
Adjust your screen orientation in Model S &amp; X https://t.co/F3kLG5Lgr3,0.9871215059070053
Play any media from your vehicleâ€™s external speaker via Tesla Boombox,0.9616909581040477
"Your driver settings &amp; preferences will travel with you to supported vehicles ğŸª„

Set up via Driver Profile in your own Tesla",0.9648086637353946
"If your car requires service and you receive a loaner vehicle, it will automatically show up in your Tesla app",1.045513770127892
Autopilot comes free with every Tesla,1.0057914136335357
Family trip https://t.co/WeTYKg3r1I,1.0
"RT @TeslaCharging: Sept 2012: 6 Superchargers     
Sept 2023: 50,000 Superchargers  

The future is electricâš¡ï¸ https://t.co/LR7g5qSYQj",1.0763026780438876
Pretty much,1.0058152018515116
You can charge your Tesla anywhere thereâ€™s power,1.0110645599238586
Reminder that you can transfer Full Self-Driving (FSD) capability to your new Tesla when taking delivery by Sept 30,0.9977017967284996
"120dB+ for a kick drum you can feel in your stomach ğŸ”¥

Developed entirely in-house, our audio system provides an excellent listening experience for music, gaming or video content, no matter which seat youâ€™re in https://t.co/KaE0TarYz6",0.9762881491752301
"RT @The heat pump in our vehicles allows us to draw excess heat from the powertrain &amp; move it to the system that needs it most.

This gives you faster Supercharging speeds, more range &amp; unmatched efficiency in cold weather â„ï¸

ğŸ“ï¼šHeilongjiang, China
ğŸ“·ï¼šæœ€åŒ—è€å†¯ https://t.co/kC1nSDIbkc",0.9933315262718803
"And when remotely preconditioning your Tesla in winter, your battery is warmed up alongside the cabin, providing optimal performance as soon as you get into your car",1.0033831476751829
"Tesla FSD doesn't rely on high definition maps, which means Autopilot can be enabled at locations the car has never seen before.

While it does take navigation into account to arrive at the correct destination, it will simply stay on the most likely path if no route or map is available.

This path is determined by what most people would have done in any given scenarioâ€”powered by learnings from our global fleet of millions of vehicles.

The concept of lanes is also only loosely built into our system, enabling the car to confidently drive on unmarked roads",0.992383356224669
"In Q3, we produced over 430k vehicles &amp; delivered over 435k vehicles â†’ https://t.co/QUEoL25hDk",0.9974416223220889
"RT @Model Y RWD is now available in the USâ€”starting at $32,890 after $7,500 federal tax credit &amp; estimated gas savings
Â 
https://t.co/rrFnUCviIC",1.0285979797220266
Improved camera quality now rolling out via over-the-air update!,1.0009135225447714
Off-Road Cybertruck in Baja ğŸ“ https://t.co/uICsaGGE1o,1.0124082177842608
"Put your favorite commands on speed dial

Now also rolling out to Model 3 &amp; Y",1.0149989592754778
Just built our 20 millionth 4680 cell at Giga Texas! https://t.co/6PCD6UC9PS,0.986016376230948
"In the US, Model 3 lease now starts at $329/month &amp; Model Y at $399/month 

â†’ https://t.co/7Ol1BvJoj8",0.9774429955758022
https://t.co/0pQmU2Opyx,0.9881377437683004
"Tesla Full Self-Driving capability demoÂ in Austin

FSD capability features use vision neural networks to perceive & understand the world, just like humans do.
Â 
Via our unique fleet learning approach, we are able to collect anonymized data from our vehiclesâ€”meaning the neural nets have learned from a few orders of magnitude more driving scenarios than the average human driver (including unusual & weird ones!)",0.9810475842129813
Q3 2023 Earnings Call https://t.co/eSwixzYTJD,1.0
"Q3 Shareholder Update â†’ https://t.co/fvAaI97WoA
â€”
Highlights

Cybertruck production remains on track for later this year, with first deliveries scheduled for November 30th at Giga Texas.

Production of our higher density 4680 cell is progressing as planned & we continue building capacity for cathode production & lithium refining in the US.

In Europe, Model Y remains the best-selling vehicle of any kind (based on latest available data as of August) ğŸ‡ªğŸ‡º Thank you to our European owners!

We have more than doubled the size of our AI training compute, accommodating for both our growing data set & Optimus, which is currently being trained for simple tasks through AI rather than hardcoded software, while its hardware continues to improve.

All Hertz rentals in the US & Canada now allow Tesla app access, enabling renters to use keyless lock/unlock via phone key, remotely precondition the cabin & more.

In addition, we redesigned the in-app service experience for owners, making scheduling & tracking service appointments & loaner access much simpler.

Energy deployments increased 90% YoY to 4GWhâ€”our highest quarterly deployment ever!",0.9004400801436048
